{"payload":{"file_name":"/Users/markusflicker/PycharmProjects/simulating_material_properties/hofmann_oliver/bravais_lattice_recogn_net.py","message_id":1},"type":"file_name"}
{"payload":{"additional_params":{"assetId":"ad6800f0196a4ad0a62610bb4ebcd426","context":null,"extension":"py","fileName":"/Users/markusflicker/PycharmProjects/simulating_material_properties/hofmann_oliver/bravais_lattice_recogn_net.py","overwrite":false,"runId":"tQXYCpYpSQrMhdEo6e3B6x4wq","step":null,"type":"source_code"},"clean":true,"file_path":"tmpkyzd71j9","local_timestamp":1745325729879,"message_id":2,"metadata":{"source_code_type":"experiment_creation"},"upload_type":"source_code"},"type":"file_upload"}
{"payload":{"installed_packages":["anyio==4.9.0","appnope==0.1.4","argon2-cffi==23.1.0","argon2-cffi-bindings==21.2.0","arrow==1.3.0","asttokens==3.0.0","async-lru==2.0.5","attrs==25.3.0","babel==2.17.0","beautifulsoup4==4.13.3","bleach==6.2.0","certifi==2025.1.31","cffi==1.17.1","charset-normalizer==3.4.1","comet_ml==3.49.7","comm==0.2.2","configobj==5.0.9","contourpy==1.3.1","cycler==0.12.1","debugpy==1.8.13","decorator==5.2.1","defusedxml==0.7.1","dulwich==0.22.8","everett==3.1.0","exceptiongroup==1.2.2","executing==2.2.0","fastjsonschema==2.21.1","filelock==3.18.0","fonttools==4.57.0","fqdn==1.5.1","fsspec==2025.3.2","h11==0.14.0","httpcore==1.0.8","httpx==0.28.1","idna==3.10","imageio==2.37.0","ipykernel==6.29.5","ipython==8.34.0","isoduration==20.11.0","jedi==0.19.2","jinja2==3.1.6","joblib==1.4.2","json5==0.12.0","jsonpointer==3.0.0","jsonschema==4.23.0","jsonschema-specifications==2024.10.1","jupyter-events==0.12.0","jupyter-lsp==2.2.5","jupyter_client==8.6.3","jupyter_core==5.7.2","jupyter_server==2.15.0","jupyter_server_terminals==0.5.3","jupyterlab==4.4.0","jupyterlab_pygments==0.3.0","jupyterlab_server==2.27.3","kiwisolver==1.4.8","lazy_loader==0.4","markdown-it-py==3.0.0","markupsafe==3.0.2","matplotlib==3.10.1","matplotlib-inline==0.1.7","mdurl==0.1.2","mistune==3.1.3","mpmath==1.3.0","nbclient==0.10.2","nbconvert==7.16.6","nbformat==5.10.4","nest-asyncio==1.6.0","networkx==3.4.2","notebook==7.4.0","notebook_shim==0.2.4","numpy==2.2.4","overrides==7.7.0","packaging==24.2","pandas==2.2.3","pandocfilters==1.5.1","parso==0.8.4","pexpect==4.9.0","pillow==11.1.0","pip==24.3.1","platformdirs==4.3.7","prometheus_client==0.21.1","prompt_toolkit==3.0.50","psutil==7.0.0","ptyprocess==0.7.0","pure_eval==0.2.3","pycparser==2.22","pygments==2.19.1","pyparsing==3.2.3","python-box==6.1.0","python-dateutil==2.9.0.post0","python-json-logger==3.3.0","pytz==2025.2","pyyaml==6.0.2","pyzmq==26.4.0","referencing==0.36.2","requests==2.32.3","requests-toolbelt==1.0.0","rfc3339-validator==0.1.4","rfc3986-validator==0.1.1","rich==14.0.0","rpds-py==0.24.0","scikit-image==0.25.2","scikit-learn==1.6.1","scipy==1.15.2","seaborn==0.13.2","semantic-version==2.10.0","send2trash==1.8.3","sentry-sdk==2.25.1","setuptools==75.6.0","simplejson==3.20.1","six==1.17.0","sniffio==1.3.1","soupsieve==2.6","stack-data==0.6.3","sympy==1.13.3","terminado==0.18.1","threadpoolctl==3.6.0","tifffile==2025.3.30","tinycss2==1.4.0","tomli==2.2.1","torch==2.2.2","torchaudio==2.2.2","torchvision==0.17.2","tornado==6.4.2","tqdm==4.67.1","traitlets==5.14.3","types-python-dateutil==2.9.0.20241206","typing_extensions==4.13.1","tzdata==2025.2","uri-template==1.3.0","urllib3==2.3.0","wcwidth==0.2.13","webcolors==24.11.1","webencodings==0.5.1","websocket-client==1.8.0","wrapt==1.17.2","wurlitzer==3.1.1"],"message_id":3},"type":"installed_packages"}
{"payload":{"command":["/Users/markusflicker/PycharmProjects/simulating_material_properties/hofmann_oliver/bravais_lattice_recogn_net.py"],"env":null,"hostname":"Markuss-MacBook-Pro.fritz.box","ip":"192.168.178.41","machine":"x86_64","message_id":4,"os":"macOS-15.3.2-x86_64-i386-64bit","os_release":"24.3.0","os_type":"Darwin","pid":76367,"processor":"i386","python_exe":"/Users/markusflicker/PycharmProjects/simulating_material_properties/hofmann_oliver/.venv/bin/python","python_version":"3.10.16","python_version_verbose":"3.10.16 (main, Dec  3 2024, 17:27:57) [Clang 16.0.0 (clang-1600.0.26.4)]","user":"markusflicker"},"type":"system_details"}
{"payload":{"local_timestamp":1745325729889,"message_id":5,"output":"\u001b[1;38;5;39mCOMET INFO:\u001b[0m Experiment is live on comet.com \u001b[38;5;39mhttps://www.comet.com/maxflicker22/bravais-lattice-recognition-5-lattice-vectors-classification-leed-image-to-peaks-xy/1d40ddd04ad4465199bc586228fea8ed\u001b[0m\n\n","stderr":true},"type":"standard_output"}
{"payload":{"local_timestamp":1745325729889,"message_id":6,"param":{"paramName":"num_training_iterations","paramValue":500,"source":"manual","step":null}},"type":"parameter_msg"}
{"payload":{"local_timestamp":1745325729889,"message_id":7,"param":{"paramName":"batch_size","paramValue":4,"source":"manual","step":null}},"type":"parameter_msg"}
{"payload":{"local_timestamp":1745325729889,"message_id":8,"param":{"paramName":"learning_rate","paramValue":0.0005,"source":"manual","step":null}},"type":"parameter_msg"}
{"payload":{"local_timestamp":1745325729889,"message_id":9,"param":{"paramName":"hidden_dim","paramValue":128,"source":"manual","step":null}},"type":"parameter_msg"}
{"payload":{"local_timestamp":1745325729889,"message_id":10,"param":{"paramName":"num_layers","paramValue":3,"source":"manual","step":null}},"type":"parameter_msg"}
{"payload":{"local_timestamp":1745325729889,"message_id":11,"param":{"paramName":"vocab_size","paramValue":5,"source":"manual","step":null}},"type":"parameter_msg"}
{"payload":{"local_timestamp":1745325729890,"message_id":12,"param":{"paramName":"activation","paramValue":"ReLU","source":"manual","step":null}},"type":"parameter_msg"}
{"payload":{"local_timestamp":1745325729890,"message_id":13,"output":"\u001b[1;38;5;39mCOMET INFO:\u001b[0m The process of logging environment details (conda environment, git patch) is underway. Please be patient as this may take some time.\n","stderr":true},"type":"standard_output"}
{"payload":{"git_metadata":{"branch":"refs/heads/master","origin":"https://github.com/maxflicker22/simulating_material_properties_hofmann.git","parent":"b6ee9f9e979a85f702c1de4528f20dbab3eade46","repo_name":"simulating_material_properties_hofmann","root":"01695690c21518708199fd107e9e64fe2e341339","status":null,"user":"Max"},"message_id":14},"type":"git_metadata"}
{"payload":{"local_timestamp":1745325730510,"message_id":15,"metric":{"epoch":null,"metricName":"sys.cpu.percent.avg","metricValue":0.0,"step":null}},"type":"metric_msg"}
{"payload":{"local_timestamp":1745325730510,"message_id":16,"metric":{"epoch":null,"metricName":"sys.compute.overall","metricValue":0.0,"step":null}},"type":"metric_msg"}
{"payload":{"local_timestamp":1745325730510,"message_id":17,"metric":{"epoch":null,"metricName":"sys.compute.utilized","metricValue":95.6,"step":null}},"type":"metric_msg"}
{"payload":{"local_timestamp":1745325730510,"message_id":18,"metric":{"epoch":null,"metricName":"sys.ram.total","metricValue":8589934592,"step":null}},"type":"metric_msg"}
{"payload":{"local_timestamp":1745325730510,"message_id":19,"metric":{"epoch":null,"metricName":"sys.ram.used","metricValue":6798204928,"step":null}},"type":"metric_msg"}
{"payload":{"local_timestamp":1745325730510,"message_id":20,"metric":{"epoch":null,"metricName":"sys.ram.available","metricValue":1791729664,"step":null}},"type":"metric_msg"}
{"payload":{"local_timestamp":1745325730510,"message_id":21,"metric":{"epoch":null,"metricName":"sys.ram.percent.used","metricValue":79.1,"step":null}},"type":"metric_msg"}
{"payload":{"local_timestamp":1745325730510,"message_id":22,"metric":{"epoch":null,"metricName":"sys.load.avg","metricValue":4.2548828125,"step":null}},"type":"metric_msg"}
{"payload":{"local_timestamp":1745325730715,"message_id":23,"metric":{"epoch":null,"metricName":"sys.disk.root.used","metricValue":11152871424,"step":null}},"type":"metric_msg"}
{"payload":{"local_timestamp":1745325730715,"message_id":24,"metric":{"epoch":null,"metricName":"sys.disk.root.percent.used","metricValue":19.6,"step":null}},"type":"metric_msg"}
{"payload":{"local_timestamp":1745325760890,"message_id":25,"metric":{"epoch":null,"metricName":"sys.cpu.percent.avg","metricValue":40.675,"step":null}},"type":"metric_msg"}
{"payload":{"local_timestamp":1745325760890,"message_id":26,"metric":{"epoch":null,"metricName":"sys.compute.overall","metricValue":40.7,"step":null}},"type":"metric_msg"}
{"payload":{"local_timestamp":1745325760891,"message_id":27,"metric":{"epoch":null,"metricName":"sys.compute.utilized","metricValue":88.6,"step":null}},"type":"metric_msg"}
{"payload":{"local_timestamp":1745325760891,"message_id":28,"metric":{"epoch":null,"metricName":"sys.ram.total","metricValue":8589934592,"step":null}},"type":"metric_msg"}
{"payload":{"local_timestamp":1745325760891,"message_id":29,"metric":{"epoch":null,"metricName":"sys.ram.used","metricValue":6935412736,"step":null}},"type":"metric_msg"}
{"payload":{"local_timestamp":1745325760891,"message_id":30,"metric":{"epoch":null,"metricName":"sys.ram.available","metricValue":1654521856,"step":null}},"type":"metric_msg"}
{"payload":{"local_timestamp":1745325760891,"message_id":31,"metric":{"epoch":null,"metricName":"sys.ram.percent.used","metricValue":80.7,"step":null}},"type":"metric_msg"}
{"payload":{"local_timestamp":1745325760891,"message_id":32,"metric":{"epoch":null,"metricName":"sys.load.avg","metricValue":4.50341796875,"step":null}},"type":"metric_msg"}
{"payload":{"local_timestamp":1745325760994,"message_id":33,"metric":{"epoch":null,"metricName":"sys.network.send_bps","metricValue":11628,"step":null}},"type":"metric_msg"}
{"payload":{"local_timestamp":1745325760994,"message_id":34,"metric":{"epoch":null,"metricName":"sys.network.receive_bps","metricValue":11460,"step":null}},"type":"metric_msg"}
{"payload":{"local_timestamp":1745325761097,"message_id":35,"metric":{"epoch":null,"metricName":"sys.disk.read_bps","metricValue":12884989.150969185,"step":null}},"type":"metric_msg"}
{"payload":{"local_timestamp":1745325761097,"message_id":36,"metric":{"epoch":null,"metricName":"sys.disk.write_bps","metricValue":348377.7711450584,"step":null}},"type":"metric_msg"}
{"payload":{"local_timestamp":1745325761097,"message_id":37,"metric":{"epoch":null,"metricName":"sys.disk.root.used","metricValue":11152871424,"step":null}},"type":"metric_msg"}
{"payload":{"local_timestamp":1745325761097,"message_id":38,"metric":{"epoch":null,"metricName":"sys.disk.root.percent.used","metricValue":19.6,"step":null}},"type":"metric_msg"}
{"payload":{"local_timestamp":1745325793669,"message_id":39,"metric":{"epoch":null,"metricName":"sys.cpu.percent.avg","metricValue":40.7875,"step":null}},"type":"metric_msg"}
{"payload":{"local_timestamp":1745325793670,"message_id":40,"metric":{"epoch":null,"metricName":"sys.compute.overall","metricValue":40.8,"step":null}},"type":"metric_msg"}
{"payload":{"local_timestamp":1745325793670,"message_id":41,"metric":{"epoch":null,"metricName":"sys.compute.utilized","metricValue":69.0,"step":null}},"type":"metric_msg"}
{"payload":{"local_timestamp":1745325793670,"message_id":42,"metric":{"epoch":null,"metricName":"sys.ram.total","metricValue":8589934592,"step":null}},"type":"metric_msg"}
{"payload":{"local_timestamp":1745325793670,"message_id":43,"metric":{"epoch":null,"metricName":"sys.ram.used","metricValue":6822694912,"step":null}},"type":"metric_msg"}
{"payload":{"local_timestamp":1745325793670,"message_id":44,"metric":{"epoch":null,"metricName":"sys.ram.available","metricValue":1767239680,"step":null}},"type":"metric_msg"}
{"payload":{"local_timestamp":1745325793671,"message_id":45,"metric":{"epoch":null,"metricName":"sys.ram.percent.used","metricValue":79.4,"step":null}},"type":"metric_msg"}
{"payload":{"local_timestamp":1745325793671,"message_id":46,"metric":{"epoch":null,"metricName":"sys.load.avg","metricValue":3.4599609375,"step":null}},"type":"metric_msg"}
{"payload":{"local_timestamp":1745325793792,"message_id":47,"metric":{"epoch":null,"metricName":"sys.network.send_bps","metricValue":10053,"step":null}},"type":"metric_msg"}
{"payload":{"local_timestamp":1745325793792,"message_id":48,"metric":{"epoch":null,"metricName":"sys.network.receive_bps","metricValue":12488,"step":null}},"type":"metric_msg"}
{"payload":{"local_timestamp":1745325793897,"message_id":49,"metric":{"epoch":null,"metricName":"sys.disk.read_bps","metricValue":16800511.740746986,"step":null}},"type":"metric_msg"}
{"payload":{"local_timestamp":1745325793897,"message_id":50,"metric":{"epoch":null,"metricName":"sys.disk.write_bps","metricValue":7229529.837419466,"step":null}},"type":"metric_msg"}
{"payload":{"local_timestamp":1745325793897,"message_id":51,"metric":{"epoch":null,"metricName":"sys.disk.root.used","metricValue":11152871424,"step":null}},"type":"metric_msg"}
{"payload":{"local_timestamp":1745325793897,"message_id":52,"metric":{"epoch":null,"metricName":"sys.disk.root.percent.used","metricValue":19.6,"step":null}},"type":"metric_msg"}
{"payload":{"local_timestamp":1745325824681,"message_id":53,"metric":{"epoch":null,"metricName":"sys.cpu.percent.avg","metricValue":81.325,"step":null}},"type":"metric_msg"}
{"payload":{"local_timestamp":1745325824682,"message_id":54,"metric":{"epoch":null,"metricName":"sys.compute.overall","metricValue":81.3,"step":null}},"type":"metric_msg"}
{"payload":{"local_timestamp":1745325824682,"message_id":55,"metric":{"epoch":null,"metricName":"sys.compute.utilized","metricValue":98.0,"step":null}},"type":"metric_msg"}
{"payload":{"local_timestamp":1745325824682,"message_id":56,"metric":{"epoch":null,"metricName":"sys.ram.total","metricValue":8589934592,"step":null}},"type":"metric_msg"}
{"payload":{"local_timestamp":1745325824683,"message_id":57,"metric":{"epoch":null,"metricName":"sys.ram.used","metricValue":6805643264,"step":null}},"type":"metric_msg"}
{"payload":{"local_timestamp":1745325824683,"message_id":58,"metric":{"epoch":null,"metricName":"sys.ram.available","metricValue":1784291328,"step":null}},"type":"metric_msg"}
{"payload":{"local_timestamp":1745325824683,"message_id":59,"metric":{"epoch":null,"metricName":"sys.ram.percent.used","metricValue":79.2,"step":null}},"type":"metric_msg"}
{"payload":{"local_timestamp":1745325824683,"message_id":60,"metric":{"epoch":null,"metricName":"sys.load.avg","metricValue":17.7109375,"step":null}},"type":"metric_msg"}
{"payload":{"local_timestamp":1745325824801,"message_id":61,"metric":{"epoch":null,"metricName":"sys.network.send_bps","metricValue":6604,"step":null}},"type":"metric_msg"}
{"payload":{"local_timestamp":1745325824802,"message_id":62,"metric":{"epoch":null,"metricName":"sys.network.receive_bps","metricValue":5580,"step":null}},"type":"metric_msg"}
{"payload":{"local_timestamp":1745325824923,"message_id":63,"metric":{"epoch":null,"metricName":"sys.disk.read_bps","metricValue":4456375.079875507,"step":null}},"type":"metric_msg"}
{"payload":{"local_timestamp":1745325824924,"message_id":64,"metric":{"epoch":null,"metricName":"sys.disk.write_bps","metricValue":387470.69734075764,"step":null}},"type":"metric_msg"}
{"payload":{"local_timestamp":1745325824924,"message_id":65,"metric":{"epoch":null,"metricName":"sys.disk.root.used","metricValue":11152871424,"step":null}},"type":"metric_msg"}
{"payload":{"local_timestamp":1745325824924,"message_id":66,"metric":{"epoch":null,"metricName":"sys.disk.root.percent.used","metricValue":19.6,"step":null}},"type":"metric_msg"}
{"payload":{"local_timestamp":1745330830758,"message_id":67,"metric":{"epoch":null,"metricName":"sys.cpu.percent.avg","metricValue":31.675,"step":null}},"type":"metric_msg"}
{"payload":{"local_timestamp":1745330830758,"message_id":68,"metric":{"epoch":null,"metricName":"sys.compute.overall","metricValue":31.7,"step":null}},"type":"metric_msg"}
{"payload":{"local_timestamp":1745330830758,"message_id":69,"metric":{"epoch":null,"metricName":"sys.compute.utilized","metricValue":0.1,"step":null}},"type":"metric_msg"}
{"payload":{"local_timestamp":1745330830758,"message_id":70,"metric":{"epoch":null,"metricName":"sys.ram.total","metricValue":8589934592,"step":null}},"type":"metric_msg"}
{"payload":{"local_timestamp":1745330830758,"message_id":71,"metric":{"epoch":null,"metricName":"sys.ram.used","metricValue":6789656576,"step":null}},"type":"metric_msg"}
{"payload":{"local_timestamp":1745330830758,"message_id":72,"metric":{"epoch":null,"metricName":"sys.ram.available","metricValue":1800278016,"step":null}},"type":"metric_msg"}
{"payload":{"local_timestamp":1745330830758,"message_id":73,"metric":{"epoch":null,"metricName":"sys.ram.percent.used","metricValue":79.0,"step":null}},"type":"metric_msg"}
{"payload":{"local_timestamp":1745330830758,"message_id":74,"metric":{"epoch":null,"metricName":"sys.load.avg","metricValue":15.7626953125,"step":null}},"type":"metric_msg"}
{"payload":{"local_timestamp":1745330830869,"message_id":75,"metric":{"epoch":null,"metricName":"sys.network.send_bps","metricValue":2,"step":null}},"type":"metric_msg"}
{"payload":{"local_timestamp":1745330830869,"message_id":76,"metric":{"epoch":null,"metricName":"sys.network.receive_bps","metricValue":1,"step":null}},"type":"metric_msg"}
{"payload":{"local_timestamp":1745330830970,"message_id":77,"metric":{"epoch":null,"metricName":"sys.disk.read_bps","metricValue":8101.919091168915,"step":null}},"type":"metric_msg"}
{"payload":{"local_timestamp":1745330830970,"message_id":78,"metric":{"epoch":null,"metricName":"sys.disk.write_bps","metricValue":2925.1020754321216,"step":null}},"type":"metric_msg"}
{"payload":{"local_timestamp":1745330830970,"message_id":79,"metric":{"epoch":null,"metricName":"sys.disk.root.used","metricValue":11152871424,"step":null}},"type":"metric_msg"}
{"payload":{"local_timestamp":1745330830970,"message_id":80,"metric":{"epoch":null,"metricName":"sys.disk.root.percent.used","metricValue":19.6,"step":null}},"type":"metric_msg"}
{"payload":{"local_timestamp":1745330843991,"message_id":81,"output":"\u001b[1;38;5;196mCOMET ERROR:\u001b[0m Due to connectivity issues, there's an error in processing the heartbeat. The experiment's status updates might be inaccurate until the connection issues are resolved.\n","stderr":true},"type":"standard_output"}
{"payload":{"additional_params":null,"clean":true,"file_path":"tmpylty4pna..zip","local_timestamp":1745330844033,"message_id":82,"metadata":{},"upload_type":"git-patch"},"type":"file_upload"}
{"payload":{"additional_params":{"context":null,"extension":"png","figCounter":0,"figName":"confusion_matrix.png","imageId":"e1002c20eb5546b7a3feb736e6163c02","overwrite":false,"runId":"tQXYCpYpSQrMhdEo6e3B6x4wq","step":null},"clean":true,"file_path":"tmpl16hmq10","local_timestamp":1745330844215,"message_id":83,"metadata":{},"upload_type":"visualization"},"type":"file_upload"}
{"payload":{"local_timestamp":1745330844225,"message_id":84,"output":"\u001b[1;38;5;39mCOMET INFO:\u001b[0m ---------------------------------------------------------------------------------------\n","stderr":true},"type":"standard_output"}
{"payload":{"local_timestamp":1745330844229,"message_id":85,"output":"\u001b[1;38;5;39mCOMET INFO:\u001b[0m Comet.ml Experiment Summary\n","stderr":true},"type":"standard_output"}
{"payload":{"local_timestamp":1745330844231,"message_id":86,"output":"\u001b[1;38;5;39mCOMET INFO:\u001b[0m ---------------------------------------------------------------------------------------\n","stderr":true},"type":"standard_output"}
{"payload":{"local_timestamp":1745330844237,"message_id":87,"output":"\u001b[1;38;5;39mCOMET INFO:\u001b[0m   Data:\n","stderr":true},"type":"standard_output"}
{"payload":{"local_timestamp":1745330844240,"message_id":88,"output":"\u001b[1;38;5;39mCOMET INFO:\u001b[0m     display_summary_level : 1\n","stderr":true},"type":"standard_output"}
{"payload":{"local_timestamp":1745330844242,"message_id":89,"output":"\u001b[1;38;5;39mCOMET INFO:\u001b[0m     name                  : itchy_taxi_2057\n","stderr":true},"type":"standard_output"}
{"payload":{"local_timestamp":1745330844243,"message_id":90,"output":"\u001b[1;38;5;39mCOMET INFO:\u001b[0m     url                   : \u001b[38;5;39mhttps://www.comet.com/maxflicker22/bravais-lattice-recognition-5-lattice-vectors-classification-leed-image-to-peaks-xy/1d40ddd04ad4465199bc586228fea8ed\u001b[0m\n","stderr":true},"type":"standard_output"}
{"payload":{"local_timestamp":1745330844244,"message_id":91,"output":"\u001b[1;38;5;39mCOMET INFO:\u001b[0m   Parameters:\n","stderr":true},"type":"standard_output"}
{"payload":{"local_timestamp":1745330844245,"message_id":92,"output":"\u001b[1;38;5;39mCOMET INFO:\u001b[0m     activation              : ReLU\n","stderr":true},"type":"standard_output"}
{"payload":{"local_timestamp":1745330844248,"message_id":93,"output":"\u001b[1;38;5;39mCOMET INFO:\u001b[0m     batch_size              : 4\n","stderr":true},"type":"standard_output"}
{"payload":{"local_timestamp":1745330844257,"message_id":94,"output":"\u001b[1;38;5;39mCOMET INFO:\u001b[0m     hidden_dim              : 128\n","stderr":true},"type":"standard_output"}
{"payload":{"local_timestamp":1745330844260,"message_id":95,"output":"\u001b[1;38;5;39mCOMET INFO:\u001b[0m     learning_rate           : 0.0005\n","stderr":true},"type":"standard_output"}
{"payload":{"local_timestamp":1745330844261,"message_id":96,"output":"\u001b[1;38;5;39mCOMET INFO:\u001b[0m     num_layers              : 3\n","stderr":true},"type":"standard_output"}
{"payload":{"local_timestamp":1745330844263,"message_id":97,"output":"\u001b[1;38;5;39mCOMET INFO:\u001b[0m     num_training_iterations : 500\n","stderr":true},"type":"standard_output"}
{"payload":{"local_timestamp":1745330844264,"message_id":98,"output":"\u001b[1;38;5;39mCOMET INFO:\u001b[0m     vocab_size              : 5\n","stderr":true},"type":"standard_output"}
{"payload":{"local_timestamp":1745330844268,"message_id":99,"output":"\u001b[1;38;5;39mCOMET INFO:\u001b[0m   Uploads:\n","stderr":true},"type":"standard_output"}
{"payload":{"local_timestamp":1745330844269,"message_id":100,"output":"\u001b[1;38;5;39mCOMET INFO:\u001b[0m     environment details      : 1\n","stderr":true},"type":"standard_output"}
{"payload":{"local_timestamp":1745330844271,"message_id":101,"output":"\u001b[1;38;5;39mCOMET INFO:\u001b[0m     filename                 : 1\n","stderr":true},"type":"standard_output"}
{"payload":{"local_timestamp":1745330844273,"message_id":102,"output":"\u001b[1;38;5;39mCOMET INFO:\u001b[0m     git metadata             : 1\n","stderr":true},"type":"standard_output"}
{"payload":{"local_timestamp":1745330844275,"message_id":103,"output":"\u001b[1;38;5;39mCOMET INFO:\u001b[0m     git-patch (uncompressed) : 1 (14.51 KB)\n","stderr":true},"type":"standard_output"}
{"payload":{"local_timestamp":1745330844276,"message_id":104,"output":"\u001b[1;38;5;39mCOMET INFO:\u001b[0m     images                   : 1\n","stderr":true},"type":"standard_output"}
{"payload":{"local_timestamp":1745330844278,"message_id":105,"output":"\u001b[1;38;5;39mCOMET INFO:\u001b[0m     installed packages       : 1\n","stderr":true},"type":"standard_output"}
{"payload":{"local_timestamp":1745330844279,"message_id":106,"output":"\u001b[1;38;5;39mCOMET INFO:\u001b[0m     source_code              : 1 (6.26 KB)\n","stderr":true},"type":"standard_output"}
{"payload":{"local_timestamp":1745330844281,"message_id":107,"output":"\u001b[1;38;5;39mCOMET INFO:\u001b[0m \n","stderr":true},"type":"standard_output"}
{"payload":{"local_timestamp":1745330861506,"message_id":108,"metric":{"epoch":null,"metricName":"sys.cpu.percent.avg","metricValue":63.18749999999999,"step":null}},"type":"metric_msg"}
{"payload":{"local_timestamp":1745330861507,"message_id":109,"metric":{"epoch":null,"metricName":"sys.compute.overall","metricValue":63.2,"step":null}},"type":"metric_msg"}
{"payload":{"local_timestamp":1745330861508,"message_id":110,"metric":{"epoch":null,"metricName":"sys.compute.utilized","metricValue":1.1,"step":null}},"type":"metric_msg"}
{"payload":{"local_timestamp":1745330861508,"message_id":111,"metric":{"epoch":null,"metricName":"sys.ram.total","metricValue":8589934592,"step":null}},"type":"metric_msg"}
{"payload":{"local_timestamp":1745330861509,"message_id":112,"metric":{"epoch":null,"metricName":"sys.ram.used","metricValue":6820392960,"step":null}},"type":"metric_msg"}
{"payload":{"local_timestamp":1745330861509,"message_id":113,"metric":{"epoch":null,"metricName":"sys.ram.available","metricValue":1769541632,"step":null}},"type":"metric_msg"}
{"payload":{"local_timestamp":1745330861510,"message_id":114,"metric":{"epoch":null,"metricName":"sys.ram.percent.used","metricValue":79.4,"step":null}},"type":"metric_msg"}
{"payload":{"local_timestamp":1745330861511,"message_id":115,"metric":{"epoch":null,"metricName":"sys.load.avg","metricValue":11.26318359375,"step":null}},"type":"metric_msg"}
{"payload":{"local_timestamp":1745330861623,"message_id":116,"metric":{"epoch":null,"metricName":"sys.network.send_bps","metricValue":4228,"step":null}},"type":"metric_msg"}
{"payload":{"local_timestamp":1745330861624,"message_id":117,"metric":{"epoch":null,"metricName":"sys.network.receive_bps","metricValue":3063,"step":null}},"type":"metric_msg"}
{"payload":{"local_timestamp":1745330861735,"message_id":118,"metric":{"epoch":null,"metricName":"sys.disk.read_bps","metricValue":14475483.4329277,"step":null}},"type":"metric_msg"}
{"payload":{"local_timestamp":1745330861735,"message_id":119,"metric":{"epoch":null,"metricName":"sys.disk.write_bps","metricValue":7175755.482476822,"step":null}},"type":"metric_msg"}
{"payload":{"local_timestamp":1745330861736,"message_id":120,"metric":{"epoch":null,"metricName":"sys.disk.root.used","metricValue":11152871424,"step":null}},"type":"metric_msg"}
{"payload":{"local_timestamp":1745330861736,"message_id":121,"metric":{"epoch":null,"metricName":"sys.disk.root.percent.used","metricValue":19.6,"step":null}},"type":"metric_msg"}
{"payload":{"local_timestamp":1745330866451,"message_id":122,"metric":{"epoch":null,"metricName":"process duration","metricValue":5138,"step":null}},"type":"metric_msg"}
